,Feature,Importance
0,junction_count,-0.6700222875165224
1,cluster_total,0.41457400690217877
2,psi,-0.25690701287909856
3,A326P,0.10043790850520581
4,G294A,0.016963170037066325
5,G335A,0.08658870224359126
6,M337P,0.005773564881304567
7,Q331K,-0.036733262279852824
8,WT,-0.27223359756259724
9,delUCR,0.056242415699216605
